id,course,day,word,pos,answer,ipa,example,audio
1,foundation,1,Draw,v,vẽ,/drɔː/,He draws a circle in the sand with a stick.,
2,foundation,1,Compare,v,so sánh,/kəmˈpeə(r)/,We compared the two reports carefully.,
3,foundation,1,Consume,v,tiêu thụ,/kənˈsjuːm/,We consume a lot of water every day.,
4,foundation,1,Market,n,"chợ, thị trường",/ˈmɑːkɪt/,We buy our fruit and vegetables at the market.,
5,foundation,1,Imply,v,ngụ ý,/ɪmˈplaɪ/,His silence seemed to imply agreement.,
6,foundation,1,Promise,v,hứa,/ˈprɒmɪs/,You promised that you’d be home early tonight.,
7,foundation,1,Protect,v,bảo vệ,/prəˈtekt/,Our aim is to protect the jobs of our members.,
8,foundation,1,Require,v,"đòi hỏi, yêu cầu",/rɪˈkwaɪə(r)/,The situation required that he be present.,
9,foundation,1,Risk,n,"sự rủi ro, sự nguy hiểm",/rɪsk/,Smoking can increase the risk of developing heart disease.,
10,foundation,1,Hold,v,"cầm, nắm",/həʊld/,She is holding a large box.,
11,foundation,1,Access,n,lối vào,/ˈækses/,The police gained access through a broken window.,
12,foundation,1,Display,v,"bày ra, trưng bày",/dɪˈspleɪ/,The exhibition gives local artists an opportunity to display their work.,
13,foundation,2,Warning,n,cảnh báo,/ˈwɔːrnɪŋ/,His sad death is a warning to everyone.,
14,foundation,2,Afford,v,đủ khả năng,/əˈfɔːrd/,We can't afford to go abroad this summer.,
15,foundation,2,Stock,n,hàng hóa dự trữ,/stɑːk/,We have a fast turnover of stock.,
16,foundation,2,Code,n,mã,/koʊd/,I need a code to open the door.,
17,foundation,2,Outdated,adj,lỗi thời,/aʊtˈdeɪtɪd/,These figures are now outdated.,
18,foundation,2,Practice,n,thực hành,/ˈpræktɪs/,It takes a lot of practice to play the violin well.,
19,foundation,2,Network,n,mạng lưới,/ˈnetwɜːrk/,"The office network allows users to share files and software, and to use a central printer.",
20,foundation,2,Process,n,quá trình,/ˈprɑːses/,We're in the process of selling our house.,
21,foundation,2,Replace,v,thay thế,/rɪˈpleɪs/,The new design will eventually replace all existing models.,
22,foundation,2,Store,n,cửa hàng,/stɔːr/,He owns a health food store at the end of the street.,
23,foundation,2,Revise,v,xem lại,/rɪˈvaɪz/,I can see I will have to revise my opinions of his abilities now.,
24,foundation,2,Proof,n,bằng chứng,/pruːf/,These results are a further proof of his outstanding ability.,
25,foundation,3,Match,n,trận đấu,/mætʃ/,The football match was so exciting.,
26,foundation,3,Profile,n,"hồ sơ, lý lịch",/ˈprəʊfaɪl/,You can update your Facebook profile.,
27,foundation,3,Submit,v,"nộp, đệ trình",/səbˈmɪt/,Completed projects must be submitted by 10 March.,
28,foundation,3,Candidate,n,ứng viên,/ˈkændɪdət/,He stood as a candidate in the local elections.,
29,foundation,3,Present,v,trình bày,/ˈpreznt/,He presented the question very clearly.,
30,foundation,3,Hire,v,"thuê, mướn",/ˈhaɪə(r)/,She was hired three years ago.,
31,foundation,3,Reject,v,từ chối,/rɪˈdʒekt/,The prime minister rejected any idea of reforming the system.,
32,foundation,3,Group,n,nhóm,/gruːp/,She asked her students to get into groups of four.,
33,foundation,3,Basis,n,"nền tảng, cơ sở",/ˈbeɪsɪs/,This article will form the basis for our discussion.,
34,foundation,3,Benefit,n,lợi ích,/ˈbenɪfɪt/,I've had the benefit of a good education.,
35,foundation,3,Wage,n,tiền công (lương theo giờ),/weɪdʒ/,Tax and insurance are deducted from your wages.,
36,foundation,3,Salary,n,lương cố định (theo tháng),/ˈsæləri/,He gets a basic salary plus commission.,
37,foundation,4,Value,n,giá trị,/ˈvæljuː/,Sports cars tend to hold their value well.,
38,foundation,4,Expand,v,mở rộng,/ɪkˈspænd/,They expanded their retail operations during the 1980s.,
39,foundation,4,Goods,n,hàng hóa,/ɡʊdz/,"They sell leather goods such as wallets, purses.",
40,foundation,4,Strict,adj,nghiêm ngặt,/strɪkt/,She's very strict about things like homework.,
41,foundation,4,Trend,n,xu hướng,/trend/,There's been a downward/upward trend in sales in the last few years.,
42,foundation,4,Smooth,adj,"suôn sẻ, trôi chảy, trơn tru",/smuːð/,We had a very smooth flight with no turbulence at all.,
43,foundation,4,Source,n,"nguồn, nguyên nhân",/sɔːrs/,Your local library will be a useful source of information.,
44,foundation,4,Stationery,n,văn phòng phẩm,/ˈsteɪʃənəri/,We need to order more stationery for our office.,
45,foundation,4,Fulfill,v,"đáp ứng, hoàn thành",/fʊlˈfɪl/,No candidate fulfills all the requirements for this position.,
46,foundation,4,Ship,v,vận chuyển,/ʃɪp/,The company ships its goods all over the world.,
47,foundation,4,Bill,n/v,hóa đơn,/bɪl/,You will be billed monthly for the service.,
48,foundation,4,Invoice,n,hóa đơn,/ˈɪnvɔɪs/,Invoices must be submitted by the 24th of every month.,
49,foundation,5,Customer,n,khách hàng,/ˈkʌstəmər/,The store held a special sale for its regular customers.,
50,foundation,5,Discount,n/v,giảm giá,/ˈdɪskaʊnt/,The store owner discounted ten percent from the packages of broken cookies.,
51,foundation,5,Efficient,adj,có hiệu quả,/ɪˈfɪʃnt/,He is an efficient worker.,
52,foundation,5,Terms,n,điều khoản,/tɜːrmz/,They failed to agree on the terms of a settlement.,
53,foundation,5,Run,v,điều hành,/rʌn/,My grandfather ran a shoe business.,
54,foundation,5,Verify,v,"xác nhận, xác minh",/ˈverɪfaɪ/,The waiter verified our bill by checking it with a calculator.,
55,foundation,5,Client,n,"khách hàng, thân chủ",/ˈklaɪənt/,The lawyer met with her client to talk about their first day in court.,
56,foundation,5,Commit,v,"cam kết, thực hiện",/kəˈmɪt/,She committed herself to helping the poor.,
57,foundation,5,Fund,n,quỹ,/fʌnd/,She is saving for her retirement fund.,
58,foundation,5,Deadline,n,"hạn chót, hạn cuối",/ˈdedlaɪn/,I am not going to finish this report by tomorrow's deadline.,
59,foundation,5,Fill out,v,điền đầy đủ,/fɪl aʊt/,Please fill out the attached form and send it back to me.,
60,foundation,5,Refund,n/v,hoàn trả tiền,"/ˈriːfʌnd/, /rɪˈfʌnd/",The store will refund your money if you are not satisfied.,
61,foundation,6,Detail,n,chi tiết,/ˈdiːteɪl/,"He stood still, absorbing every detail of the street.",
62,foundation,6,Level,n,"cấp, trình độ",/ˈlevl/,She is at a beginner level.,
63,foundation,6,Focus,v,tập trung,/ˈfəʊkəs/,The discussion focused on three main problems.,
64,foundation,6,Decade,n,thập niên,/ˈdekeɪd/,"Hines has spent the last decade in Austin, Texas.",
65,foundation,6,Common,adj,"chung, phổ biến, thông thường",/ˈkɒmən/,Jackson is a common English name.,
66,foundation,6,List,n/v,danh sách; liệt kê,/lɪst/,Did you put bread on the shopping list?,
67,foundation,6,Pick up,v,"đón, lấy",,She went over to the crying child and picked her up.,
68,foundation,6,Site,n,"địa điểm, vị trí",/saɪt/,A site has been chosen for the new school.,
69,foundation,6,Valid,adj,"có giá trị, có hiệu lực",/ˈvælɪd/,These discounts are valid for travel within the continental United States.,
70,foundation,6,Collect,v,"thu thập, sưu tập",/kəˈlekt/,Samples were collected from over 200 patients.,
71,foundation,6,Schedule,n,"lịch trình, kế hoạch",/ˈskedʒuːl/,At this stage everything is going according to schedule.,
72,foundation,6,Record,v,ghi lại,/rɪˈkɔːd/,You should record all your expenses during your trip.,
73,foundation,7,Overview,n,tổng quan,/ˈəʊvəvjuː/,I'll give you a brief overview of the job,
74,foundation,7,Control,v,kiểm soát,/kənˈtrəʊl/,You're going to have to learn to control your temper,
75,foundation,7,Sample,n,"mẫu, vật mẫu, hàng mẫu",/ˈsɑːmpl/,Please bring some samples of your work to the interview,
76,foundation,7,Volunteer,v,tình nguyện,/ˌvɒlənˈtɪə(r)/,I volunteered myself for the position of Health and Safety Representative,
77,foundation,7,Give,v,"đưa ra, đưa cho, ban",/ɡɪv/,Can you give any evidence to support your claim?,
78,foundation,7,Look,v,"nhìn, coi",/lʊk/,Be careful to look both ways when you cross the road,
79,foundation,7,Use,v,sử dụng,/juːz/,"If we clear out the spare room, you can use it as a study",
80,foundation,7,Find,v,"tìm kiếm, tìm thấy",/faɪnd/,"When the guard came to clip my train ticket, I couldn't find it",
81,foundation,7,Want,v,muốn,/wɒnt/,They want to elevate the status of teachers,
82,foundation,7,Need,v,"cần, có nhu cầu",/niːd/,He needs some climbing boots,
83,foundation,7,Become,v,"trở thành, trở nên",/bɪˈkʌm/,People can become infected after eating raw or undercooked meat,
84,foundation,7,Leave,v,"rời bỏ, bỏ đi",/liːv/,I didn't leave the office until eight o'clock last night,
85,foundation,8,Work,v,làm việc,/wɜːk/,She works for an engineering company.,
86,foundation,8,Seem,v,dường như,/siːm/,It seemed like a good idea at the time.,
87,foundation,8,Show,v,"cho thấy, thể hiện",/ʃəʊ/,The figures clearly show that her claims are false.,
88,foundation,8,Try,v,"cố gắng, thử",/traɪ/,Don’t try to do it too quickly.,
89,foundation,8,Call,v,gọi điện,/kɔːl/,He called me yesterday but I didn’t answer.,
90,foundation,8,Keep,v,"giữ, duy trì",/kiːp/,She had trouble keeping her balance.,
91,foundation,8,Provide,v,cung cấp,/prəˈvaɪd/,The hospital has a commitment to provide the best possible medical care.,
92,foundation,8,Bring,v,mang,/brɪŋ/,Don’t forget to bring your books with you.,
93,foundation,8,Follow,v,"theo dõi, đi theo",/ˈfɒləʊ/,Follow me please. I’ll show you the way.,
94,foundation,8,Write,v,viết,/raɪt/,Write your name at the top of the paper.,
95,foundation,8,Start = begin,v,bắt đầu,/stɑːt/,It’s time you started on your homework.,
96,foundation,8,Tell,v,"nói, kể",/tel/,Tell me where you live.,
97,foundation,9,Mainly,adv,chủ yếu,/ˈmeɪnli/,They eat mainly fruit and nuts.,
98,foundation,9,Believe,v,tin tưởng,/bɪˈliːv/,"Believe me, she's not right for you.",
99,foundation,9,Allow,v,cho phép,/əˈlaʊ/,His parents won't allow him to stay out late.,
100,foundation,9,Carry,v,"mang, vác",/ˈkæri/,She carried her baby in her arms.,
101,foundation,9,Stand,v,đứng,/stænd/,She was too weak to stand.,
102,foundation,9,Appear,v,xuất hiện,/əˈpɪər/,She regularly appears on TV.,
103,foundation,9,Order,v,"gọi món, đặt hàng",/ˈɔːrdər/,I ordered a beer and a sandwich.,
104,foundation,9,Sit,v,ngồi,/sɪt/,She always sits in that chair.,
105,foundation,9,Expect,v,mong đợi,/ɪkˈspekt/,We were expecting him yesterday.,
106,foundation,9,Offer,v,"đề nghị, cung cấp",/ˈɔːfər/,They decided to offer the job to Jo.,
107,foundation,9,Consider,v,cân nhắc,/kənˈsɪdər/,She considered her options.,
108,foundation,9,Suggest,v,gợi ý,/səˈdʒest/,I suggest (that) we go out to eat.,
109,foundation,10,Read,v,đọc,/riːd/,The teacher reads one chapter of a book every afternoon.,
110,foundation,10,Continue,v,tiếp tục,/kənˈtɪnjuː/,"The runner fell, but he got back up and continued the race.",
111,foundation,10,Change,v,thay đổi,/tʃeɪndʒ/,He changed his story when he told it to us.,
112,foundation,10,Remain,v,"giữ nguyên, còn lại",/rɪˈmeɪn/,"After a week in the hospital, the patient remains very ill.",
113,foundation,10,Remember,v,ghi nhớ,/rɪˈmembər/,I will always remember my seventh birthday party.,
114,foundation,10,Buy,v,mua,/baɪ/,She saved her allowance and bought a bicycle.,
115,foundation,10,Speak,v,nói,/spiːk/,He speaks German and English.,
116,foundation,10,Send,v,gửi,/send/,I will send you a letter.,
117,foundation,10,Receive,v,nhận,/rɪˈsiːv/,He received many gifts while he was in the hospital.,
118,foundation,10,Decide,v,quyết định,/dɪˈsaɪd/,He decided not to run away from home.,
119,foundation,10,Understand,v,hiểu,/ˌʌndərˈstænd/,Do you understand what you're reading?,
120,foundation,11,Agree,v,"đồng ý, tán thành",/əˈɡriː/,He agreed with them about the need for change.,
121,foundation,11,Describe,v,miêu tả,/dɪˈskraɪb/,The book describes life in the 19th century.,
122,foundation,11,Develop,v,phát triển,/dɪˈveləp/,He wants to develop his English skills.,
123,foundation,11,Open,v,mở,/ˈəʊpən/,Mr Chen opened the car door for his wife.,
124,foundation,11,Build,v,xây dựng,/bɪld/,They have permission to build 200 new houses.,
125,foundation,11,Spend,v,"tiêu, chi tiêu",/spend/,She spent $100 on a new dress.,
126,foundation,11,Return,v,"trở lại, trở về",/rɪˈtɜːrn/,I returned from work to play my game.,
127,foundation,11,Accept,v,chấp nhận,/əkˈsept/,He asked me to marry him and I accepted.,
128,foundation,11,Create,v,"tạo nên, tạo ra",/kriˈeɪt/,The government plans to create more jobs for young people.,
129,foundation,11,Watch,v,"nhìn, quan sát",/wɒtʃ/,We watched to see what would happen next.,
130,foundation,11,Waiter,n,bồi bàn,/ˈweɪtə(r)/,I'll ask the waiter for the bill.,
131,foundation,11,Explain,v,giải thích,/ɪkˈspleɪn/,Can you explain how the email system works?,
132,foundation,12,Support,v,"ủng hộ, hỗ trợ",/səˈpɔːt/,"If you raise this problem at the meeting, I'll support you.",
133,foundation,12,Contain,v,"chứa, bao gồm",/kənˈteɪn/,This drink doesn't contain any alcohol.,
134,foundation,12,Reduce,v,"cắt giảm, giảm thiểu",/rɪˈdjuːs/,Giving up smoking reduces the risk of heart disease.,
135,foundation,12,Establish,v,"thiết lập, thành lập",/ɪˈstæblɪʃ/,The committee was established in 1912.,
136,foundation,12,Achieve,v,đạt được,/əˈtʃiːv/,They could not achieve their target of less than 3% inflation.,
137,foundation,12,Choose,v,chọn,/tʃuːz/,There are plenty of restaurants to choose from.,
138,foundation,12,Serve,v,phục vụ,/sɜːv/,They served a wonderful meal to more than fifty people.,
139,foundation,12,Join,v,tham gia,/dʒɔɪn/,She joined the company three months ago.,
140,foundation,12,Represent,v,"thuyết trình, trình bày, đại diện",/ˌreprɪˈzent/,She will represent her ideas at the meeting.,
141,foundation,12,Discuss,v,"thảo luận, bàn bạc",/dɪˈskʌs/,I'm not prepared to discuss this on the phone.,
142,foundation,12,Prove,v,chứng minh,/pruːv/,They hope this new evidence will prove her innocence.,
143,foundation,13,catch,v,"bắt, nắm lấy",/kætʃ/,The dog caught the stick in its mouth.,
144,foundation,13,enjoy,v,"tận hưởng, thích thú",/ɪnˈdʒɔɪ/,We thoroughly enjoyed our time in New York.,
145,foundation,13,introduce,v,giới thiệu,/ˌɪntrəˈdjuːs/,He introduced me to a Greek girl at the party.,
146,foundation,13,enter,v,đi vào,/ˈentə(r)/,Someone entered the room behind me.,
147,foundation,13,project,n,dự án,/ˈprɒdʒekt/,He set up a project to computerize the library system.,
148,foundation,13,arrive,v,đến,/əˈraɪv/,I'll wait until they arrive.,
149,foundation,13,ensure,v,bảo đảm,/ɪnˈʃʊə(r)/,Please ensure (that) all lights are switched off.,
150,foundation,13,point,n,điểm số,/pɔɪnt/,Australia finished 20 points ahead.,
151,foundation,13,relate,v,liên quan,/rɪˈleɪt/,"In the future, salary increases will be related to productivity.",
152,foundation,13,affect,v,ảnh hưởng,/əˈfekt/,The weather can affect our plans.,
153,foundation,13,manage,v,quản lý,/ˈmænɪdʒ/,My dad manages a factory in Hanoi.,
154,foundation,13,plan,n,kế hoạch,/plæn/,Do you have any plans for the summer?,
155,foundation,14,refer,v,"tham khảo, nhắc đến",/rɪˈfɜːr/,This paragraph refers to the events of last year.,
156,foundation,14,forget,v,quên,/fəˈɡet/,I forget how much they paid for it.,
157,foundation,14,indicate,v,chỉ ra,/ˈɪndɪkeɪt/,Our survey indicates that one in four children is bullied at school.,
158,foundation,14,maintain,v,duy trì,/meɪnˈteɪn/,The two countries have always maintained close relations.,
159,foundation,14,publish,v,xuất bản,/ˈpʌblɪʃ/,The first edition was published in 2007.,
160,foundation,14,suffer,v,trải qua,/ˈsʌfə(r)/,I suffered a headache yesterday.,
161,foundation,14,avoid,v,tránh,/əˈvɔɪd/,I left early to avoid the rush hour.,
162,foundation,14,express,v,"diễn tả, biểu lộ",/ɪkˈspres/,Teachers have expressed concern about the changes.,
163,foundation,14,suppose,v,cho rằng,/səˈpəʊz/,"Prices will go up, I suppose.",
164,foundation,14,finish,v,kết thúc,/ˈfɪnɪʃ/,The play finished at 10.30.,
165,foundation,15,determine,v,quyết tâm,/dɪˈtɜːmɪn/,They determined to start early.,
166,foundation,15,design,v,thiết kế,/dɪˈzaɪn/,He designed and built his own house.,
167,foundation,15,save,v,"tiết kiệm, lưu, bảo vệ",/seɪv/,I've saved almost $100 so far.,
168,foundation,15,share,v,chia sẻ,/ʃeə(r)/,We shared the pizza between the four of us.,
169,foundation,15,control,v,điều khiển,/kənˈtrəʊl/,By the age of 21 he controlled the company.,
170,foundation,15,remove,v,loại bỏ,/rɪˈmuːv/,It was impossible to remove the stain from the tablecloth.,
171,foundation,15,throw,v,"ném, quăng",/θrəʊ/,She threw the ball up and caught it again.,
172,foundation,15,visit,v,thăm,/ˈvɪzɪt/,She went to visit relatives in Wales.,
173,foundation,15,exist,v,tồn tại,/ɪɡˈzɪst/,Few of these monkeys still exist in the wild.,
174,foundation,15,encourage,v,động viên,/ɪnˈkʌrɪdʒ/,Banks actively encouraged people to borrow money.,
175,foundation,15,force,v,"ép buộc, bắt ép",/fɔːs/,The President was forced into resigning.,
176,foundation,15,reflect,v,phản chiếu,/rɪˈflekt/,His face was reflected in the mirror.,
177,foundation,16,admit,v,thừa nhận,/ədˈmɪt/,He admitted all his mistakes.,
178,foundation,16,assume,v,cho rằng,/əˈsjuːm/,I had assumed him to be a Belgian.,
179,foundation,16,prepare,v,"chuẩn bị, sửa soạn",/prɪˈpeə(r)/,A hotel room is being prepared for them.,
180,foundation,16,replace,v,thay thế,/rɪˈpleɪs/,The new design will eventually replace all existing models.,
181,foundation,16,mention,v,"nói đến, đề cập",/ˈmenʃn/,Nobody mentioned anything to me about it.,
182,foundation,16,flight,n,chuyến bay,/flaɪt/,We met on a flight from London to Paris.,
183,foundation,16,intend,v,có ý định,/ɪnˈtend/,We intend that production will start next month.,
184,foundation,16,prevent,v,"ngăn cản, ngăn chặn",/prɪˈvent/,The government took steps to prevent a scandal.,
185,foundation,16,refuse,v,từ chối,/rɪˈfjuːz/,She refused to accept that there was a problem.,
186,foundation,16,reveal,v,"bộc lộ, để lộ ra",/rɪˈviːl/,The doctors did not reveal the truth to him.,
187,foundation,16,answer,v,trả lời,/ˈɑːnsə(r)/,"I repeated the question, but she didn't answer.",
188,foundation,16,operate,v,vận hành,/ˈɒpəreɪt/,What skills are needed to operate this machinery?,
189,foundation,17,depend,v,phụ thuộc,/dɪˈpend/,"Starting salary varies from £26,000 to £30,500, depending on experience.",
190,foundation,17,regular,adj,"bình thường, thường xuyên",/ˈreɡjələ(r)/,Do you take regular exercise?,
191,foundation,17,check,v,kiểm tra,/tʃek/,Check the container for cracks or leaks.,
192,foundation,17,complete,adj,"hoàn chỉnh, hoàn thành",/kəmˈpliːt/,Work on the office building will be complete at the end of the year.,
193,foundation,17,extend,v,mở rộng,/ɪkˈstend/,The show has been extended for another six weeks.,
194,foundation,17,notice,n,"chú ý, thông báo",/ˈnəʊtɪs/,There was a notice on the board saying the class had been cancelled.,
195,foundation,17,attend,v,chú ý,/əˈtend/,We'd like as many people as possible to attend.,
196,foundation,17,gain,v,đạt được,/ɡeɪn/,The country gained its independence ten years ago.,
197,foundation,17,information,n,thông tin,/ˌɪnfəˈmeɪʃn/,"For further information on the diet, write to us at this address.",
198,foundation,17,location,n,"địa điểm, vị trí",/ləʊˈkeɪʃn/,What is the exact location of the ship?,
199,foundation,17,photocopier,n,máy photocopy,/ˈfəʊtəʊkɒpiə(r)/,When was the photocopier invented?,
200,foundation,17,along,prep,dọc theo,/əˈlɒŋ/,They walked slowly along the road.,
201,foundation,18,street,n,đường phố,/striːt/,The bank is just across the street.,
202,foundation,18,conduct,v,tiến hành,/kənˈdʌkt/,They conducted a campaign for a shorter working week.,
203,foundation,18,pour,v,đổ,/pɔː(r)/,She poured boiling water down the sink.,
204,foundation,18,tire,v,mệt mỏi,/ˈtaɪə(r)/,Her legs were beginning to tire.,
205,foundation,18,alone,adj,một mình,/əˈləʊn/,I don't like going out alone at night.,
206,foundation,18,wear,v,mặc,/weə(r)/,She was wearing a new coat.,
207,foundation,18,type,n,loại,/taɪp/,There are three main types of contract(s).,
208,foundation,18,reach,v,chạm,/riːtʃ/,She reached inside her bag for a pen.,
209,foundation,18,relax,v,"nghỉ ngơi, thư giãn",/rɪˈlæks/,Just relax and enjoy the movie.,
210,foundation,18,outdoors,adv,bên ngoài,/ˌaʊtˈdɔːz/,The rain prevented them from eating outdoors.,
211,foundation,18,update,v,cập nhật,/ˌʌpˈdeɪt/,It's about time we updated our software.,
212,foundation,18,stare,v,nhìn chằm chằm,/steə(r)/,She stared at the screen for a long time.,
214,toeic1,1,exceed,v,vượt quá,[ik'si:d],exceed the budget for the construction project,
215,toeic1,1,finalize,v,hoàn thiện,['fainəlaiz],finalize plans for the reconstruction of the lobby,
216,toeic1,1,present,v,trao giải,[pri'zent],present an award to the winner,
217,toeic1,1,disrupt,v,làm gián đoạn,[dis'rʌpt],disrupt service temporarily,
218,toeic1,1,argue,v,tranh cãi,['ɑ:gju:],argue in favor of the new policy,
219,toeic1,1,assess,v,"đánh giá, định giá",[ə'ses],assess the value of the jewelry,
220,toeic1,1,divert,v,"điều hướng, chuyển hướng",[dai'və:t],divert the phone call to another line,
221,toeic1,1,establish,v,thành lập,[is'tæbliʃ],establish an organization for local farmers,
222,toeic1,1,suspect,v,nghi ngờ,['sʌspekt],suspect someone of cheating on an exam,
223,toeic1,1,expand,v,mở rộng,[iks'pænd],expand the business into Europe,
224,toeic1,1,enclose,v,gửi kèm,[in'klouz],enclose the application form with the letter,
225,toeic1,1,verify,v,xác minh,['verifai],verify the validity of a license,
226,toeic1,1,omit,v,bỏ qua,[o'mit],omit the instructions and begin the presentation,
227,toeic1,1,capture,v,"chiếm được, giành được",['kæptʃə],capture the majority of the votes,
228,toeic1,1,cite,v,trích dẫn,[sait],cite the findings from a recent study,
229,toeic1,1,appoint,v,bổ nhiệm,[ə'point],appoint a new head of security,
230,toeic1,1,demonstrate,v,"minh họa, giải thích",['demənstreit],demonstrate a technique to trainees,
231,toeic1,1,cancel,v,hủy,['kænsəl],cancel the magazine subscription,
232,toeic1,1,rephrase,v,nói lại bằng cách khác,"[,ri:'freiz]",rephrase the question for clarity,
233,toeic1,1,suspend,v,"tạm dừng, đình chỉ",[sə'spend],suspend telephone service for a month,
234,toeic1,2,remain,v,"ở lại, giữ nguyên vị trí",[ri'mein],remain seated until the plane comes to a full stop,
235,toeic1,2,address,v,chú tâm vào việc gì,[ə'dres],address any concerns that arise,
236,toeic1,2,accelerate,v,"tăng nhanh hơn, đẩy nhanh",[ək'seləreit],accelerate the growth of the business with investment,
237,toeic1,2,commence,v,bắt đầu,[kə'mens],wait for the ceremony to commence,
238,toeic1,2,join,v,tham gia,[dʒɔin],join a trade union,
239,toeic1,2,maximize,v,tối đa hóa,['mæksimaiz],maximize opportunities for publicity,
240,toeic1,2,memorize,v,ghi nhớ,['meməraiz],memorize the entrance code for the store's back door,
241,toeic1,2,prove,v,chứng minh,[pru:v],prove a theory with evidence,
242,toeic1,2,strive,v,cố gắng,[straiv],strive to overcome obstacles,
243,toeic1,2,grant,v,"cấp, ban cho",[grænt],grant access to a database,
244,toeic1,2,recycle,v,tái chế,"[,ri:'saikl]",recycle all metal and cardboard containers,
245,toeic1,2,acquire,v,"có được, đạt được",[ə'kwaiə],acquire additional property to develop,
246,toeic1,2,alert,v,cảnh báo,[ə'lə:t],alert the public about the change,
247,toeic1,2,redeem,v,đổi để lấy sản phẩm/dịch vụ,[ri'di:m],redeem reward points,
248,toeic1,2,endure,v,chịu đựng,[in'djuə],endure a long meeting,
249,toeic1,2,ship,v,vận chuyển hàng hóa,[ʃip],ship an item overseas,
250,toeic1,2,guarantee,v,bảo đảm,"[,gærən'ti:]",guarantee a product's quality,
251,toeic1,2,visualize,v,"hình dung, mường tượng",['viʒuəlaiz],visualize the future of the area’s changing landscape,
252,toeic1,2,purchase,v,mua hàng,['pə:tʃəs],purchase the latest model,
253,toeic1,2,renew,v,gia hạn,[ri'nju:],renew the lease for another year,
254,toeic1,3,deliver,v,giao,[di'livə],deliver the package to the address provided,
255,toeic1,3,expire,v,hết hạn,[iks'paiə],renew a membership that is about to expire,
256,toeic1,3,undergo,v,trải qua,"[,ʌndə'gəu]",undergo a major renovation,
257,toeic1,3,consent,v,đồng ý,[kən'sent],consent to a thorough background check,
258,toeic1,3,assure,v,đảm bảo,[ə'ʃuə],assure clients of the product's quality,
259,toeic1,3,increase,v,tăng,['inkri:s],increase the budget for the new construction project,
260,toeic1,3,indicate,v,"cho biết, chỉ ra",['indikeit],indicate preferences on the form,
261,toeic1,3,rate,v,đánh giá,[reit],rate an experience at a hotel,
262,toeic1,3,reclaim,v,lấy lại,[ri'kleim],reclaim a lost item from the Lost and Found Office,
263,toeic1,3,tolerate,v,"khoan dung, chịu đựng",['tɔləreit],tolerate a moderate amount of risk while investing,
264,toeic1,3,divide,v,chia ra,[di'vaid],divide the participants into groups of four,
265,toeic1,3,affect,v,ảnh hưởng,[ə'fekt],affect national economy positively,
266,toeic1,3,depart,v,"xuất phát, khởi hành",[di'pɑ:t],depart promptly at 7:30 a.m.,
267,toeic1,3,eliminate,v,"xóa bỏ, loại bỏ",[i'limineit],eliminate environmental pollution,
268,toeic1,3,reject,v,"từ chối, bác bỏ",[ri'dʒekt],reject a loan application,
269,toeic1,3,attract,v,thu hút,[ə'trækt],attract many tourists to the area,
270,toeic1,3,classify,v,"phân loại, xếp loại",['klæsifai],classify clothing according to size,
271,toeic1,3,withdraw,v,rút,[wið'drɔ:],withdraw funds from an ATM,
272,toeic1,3,donate,v,"tặng, quyên góp",[dou'neit],donate money to a charitable organization,
273,toeic1,3,support,v,ủng hộ,[sə'pɔ:t],support the construction project,
274,toeic1,4,contract,n,hợp đồng,[kə'trækt],sign a temporary employment contract,
275,toeic1,4,submission,n,"sự đệ trình, sự đề xuất",[səb'miʃn],write a proposal for submission to the board of directors,
276,toeic1,4,shortage,n,sự thiếu,['ʃɔ:tidʒ],deal with a shortage of capital,
277,toeic1,4,capacity,n,"sức chứa, công suất, khả năng",[kə'pæsiti],grow beyond its capacity to supply food,
278,toeic1,4,distribution,n,sự phân phối,"[,distri'bju:ʃn]",supervise distribution of the merchandise,
279,toeic1,4,safety,n,sự an toàn,['seifti],ensure the safety of workers,
280,toeic1,4,facility,n,cơ sở,[fə'siliti],renovate a healthcare facility,
281,toeic1,4,contestant,n,người dự thi,[kən'testənt],introduce this year's contestants for the Bookman Prize,
282,toeic1,4,reputation,n,danh tiếng,"[,repju:'teiʃn]",establish a reputation for reliable service,
283,toeic1,4,excellence,n,sự xuất sắc,['eksələns],aim to achieve excellence,
284,toeic1,4,assignment,n,nhiệm vụ,[ə'sainmənt],work on a major assignment,
285,toeic1,4,proposal,n,sự đề xuất,[prə'pouzəl],accept a project proposal,
286,toeic1,4,entrance,n,lối vào,['entrəns],buy a ticket at the entrance,
287,toeic1,4,negotiator,n,người đàm phán,[ni'gouʃieitə],require a skilled negotiator,
288,toeic1,4,shareholder,n,cổ đông,"['ʃeə,houldə]",meet with shareholders annually,
289,toeic1,4,norm,n,quy tắc,[nɔ:m],go against the norm,
290,toeic1,4,delight,n/v,"sự thích thú, thích thú",[di'lait],watch the city's firework display with delight,
291,toeic1,4,petition,n/v,"sự thỉnh cầu, cầu xin",[pə'tiʃn],submit a petition to change a policy,
292,toeic1,4,request,n/v,yêu cầu,[ri'kwest],make a request for time off,
293,toeic1,4,claim,n/v,yêu cầu,[kleim],file an insurance claim,
294,toeic1,5,maintenance,n,"bảo trì, bảo dưỡng",['meintənəns],conduct maintenance on machinery,
295,toeic1,5,progress,v/n,"sự tiến triển, quy trình",['prougres],provide an update on the assignment's progress,
296,toeic1,5,resolution,n,giải pháp,[rezə'lu:ʃn],make a resolution to improve performance,
297,toeic1,5,specification,n,"đặc điểm, đặc thù",[spesifi'keiʃn],list the specifications for the job,
298,toeic1,5,variation,n,"sự thay đổi, biến đổi",[veəri'eiʃn],notice a slight variation in color,
299,toeic1,5,authority,n,"chính quyền, uy quyền",[ɔ:'θɔriti],contact the relevant authorities,
300,toeic1,5,disclosure,n,"sự công khai, tiết lộ",[dis'klouʒə],demand full disclosure of financial transactions,
301,toeic1,5,coverage,n,"phủ sóng, đưa tin",['kʌvəridʒ],broadcast live coverage of an awards ceremony,
302,toeic1,5,interruption,n,sự gián đoạn,[intə'rʌpʃn],experience an interruption of services,
303,toeic1,5,factor,n,yếu tố,['fæktə],consider economic factors before making a decision,
304,toeic1,5,premise,n,"cơ sở, tiền đề",['premis],offer security for the factory's premises,
305,toeic1,5,collaboration,n,sự cộng tác,"[kə,læbə'reiʃn]",work in collaboration with a famous artist,
306,toeic1,5,inquiry,n,"câu hỏi, yêu cầu",[in'kwaiəri],submit an inquiry online,
307,toeic1,5,attendee,n,người tham dự,"[ə,ten'di:]",give handouts to attendees,
308,toeic1,5,timeline,n,mốc thời gian,['taimlain],develop a timeline for a project,
309,toeic1,5,reversal,n,"biến chuyển, đảo",[ri'və:sl],cause a reversal of the company's poor sales,
310,toeic1,5,complaint,n,"than phiền, phàn nàn",[kəm'pleint],receive complaints about poor service,
311,toeic1,5,agenda,n,chương trình,[ə'dʒendə],write an agenda for a meeting,
312,toeic1,5,replacement,n,sự thay thế,[ri'pleismənt],request a replacement,
313,toeic1,5,renovation,n,"sự cải tạo, tu sửa","[,renə'veiʃn]",pass a lobby under renovation,
314,toeic1,6,performance,n,buổi diễn,[pə'fɔ:məns],attend an award-winning performance,
315,toeic1,6,process,n,quá trình,['prɔses],begin the candidate selection process,
316,toeic1,6,feasibility,n,tính khả thi,"[,fi:zə'biliti]",assess the project's feasibility,
317,toeic1,6,discrepancy,n,sự khác biệt,[dis'krepənsi],discover a discrepancy with the sales figures,
318,toeic1,6,celebration,n,lễ kỷ niệm,"[,seli'breiʃn]",hold a celebration of the victory,
319,toeic1,6,handbook,n,sổ tay,['hændbuk],consult the employee handbook,
320,toeic1,6,confirmation,n,xác nhận,"[,kɔnfə'meiʃn]",send confirmation of the order within 24 hours,
321,toeic1,6,competitor,n,đối thủ cạnh tranh,[kəm'petitə],beat a tough competitor,
322,toeic1,6,background,n,lai lịch,['bækgraund],prefer a candidate with a background in accounting,
323,toeic1,6,barrier,n,rào cản,['bæriə],remove all trade barriers,
324,toeic1,6,restraint,n,hạn chế,[ri'streint],impose restraints on competition,
325,toeic1,6,issue,n,số báo,['iʃu:],receive monthly issues of Highlighter Gazette,
326,toeic1,6,transfer,n,chuyển,[træns'fə:],make a money transfer from one account to another,
327,toeic1,6,flavor,n,hương vị,['fleivə],add a new strawberry flavor to the menu,
328,toeic1,6,article,n,bài viết,['ɑ:tikl],read a business article online,
329,toeic1,6,priority,n,sự ưu tiên,[prai'ɔrəti],give emergency cases a higher priority,
330,toeic1,6,transformation,n,sự chuyển đổi,"[,trænsfə'meiʃn]",witness an incredible transformation,
331,toeic1,6,allowance,n,trợ cấp,[ə'lauəns],provide a travel allowance for business trips,
332,toeic1,6,instruction,n,sự hướng dẫn,[in'strʌkʃn],read the easy-to-follow assembly instructions,
333,toeic1,6,misconception,n,quan niệm sai lầm,"[,miskən'sepʃn]",correct common myths and misconceptions,
334,toeic1,7,estimate,n,sự ước tính,['estimeit],request a price estimate,
335,toeic1,7,reminder,n,sự nhắc nhở,[ri'maində],receive a reminder about the event via e-mail,
336,toeic1,7,procedure,n,thủ tục,[prə'si:dʒə],follow the accounting procedures closely,
337,toeic1,7,asset,n,tài sản,['æset],have cash and other assets worth over $1 million,
338,toeic1,7,transaction,n,sự giao dịch,[træn'zækʃn],record all business transactions carefully,
339,toeic1,7,enhancement,n,sự nâng cao,[in'hɑ:nsmənt],focus on the enhancement of the customer experience,
340,toeic1,7,challenge,n,thử thách,['tʃælindʒ],present a challenge for inexperienced designers,
341,toeic1,7,accomplishment,n,thành tích,[ə'kʌmpliʃmənt],celebrate a major accomplishment,
342,toeic1,7,objection,n,sự phản đối,[əb'dʒekʃn],raise an objection to the policy,
343,toeic1,7,convenience,n,sự tiện lợi,[kən'vi:njəns],have several locations for the convenience of customers,
344,toeic1,7,fee,n,phí,[fi:],charge a fee for overweight baggage,
345,toeic1,7,publicity,n,sự công khai,[pʌ'blisiti],attract media publicity with an exciting promotion,
346,toeic1,7,composition,n,thành phần,"[,kɔmpə'ziʃn]",change the composition of the committee,
347,toeic1,7,development,n,sự phát triển,[di'veləpmənt],announce the development of a new medicine,
348,toeic1,7,discretion,n,sự thận trọng,[dis'kreʃn],use their discretion to select a candidate,
349,toeic1,7,billing,n,sự thanh toán,['biliŋ],confirm an address for billing,
350,toeic1,7,retention,n,sự giữ lại,[ri'tenʃn],attempt to improve the retention of employees,
351,toeic1,7,candidate,n,ứng cử viên,['kændidit],interview a prospective candidate,
352,toeic1,7,recognition,n,sự thừa nhận,"[,rekəg'niʃn]",receive recognition for their work,
353,toeic1,7,permission,n,sự cho phép,[pə'miʃn],obtain permission from authorities,
354,toeic1,8,diverse,adj,đa dạng,[dai'və:s],have a culturally diverse population,
355,toeic1,8,excessive,adj,"quá mức, thừa",[ik'sesiv],receive an excessive amount of mail,
356,toeic1,8,prestigious,adj,"uy tín, danh giá",[pre'stidʒəs],attend a prestigious educational institution,
357,toeic1,8,comprehensive,adj,toàn diện,"[,kɔmpri'hensiv]",create a comprehensive evaluation system,
358,toeic1,8,resistant,adj,"kháng lại, chịu được",[ri'zistənt],be resistant to minor climate change,
359,toeic1,8,elaborate,adj,phức tạp,[i'læbərɪt],follow a long and elaborate procedure,
360,toeic1,8,current,adj,hiện tại,['kʌrənt],address current concerns first,
361,toeic1,8,revised,adj,được sửa đổi,[ri'vaizd],release a revised price estimate,
362,toeic1,8,affordable,adj,phải chăng,[ə'fɔ:dəbl],seek affordable housing in the city center,
363,toeic1,8,practical,adj,thiết thực,['præktikəl],offer trainees practical advice,
364,toeic1,8,time-consuming,adj,tốn nhiều thời gian,['taim kən'sju:miŋ],work on a time-consuming task,
365,toeic1,8,relevant,adj,có liên quan,['reləvənt],discover information relevant to the case,
366,toeic1,8,adequate,adj,đủ,['ædikwit],prepare an adequate amount of food,
367,toeic1,8,minor,adj,nhỏ,['mainə],experience a minor setback,
368,toeic1,8,productive,adj,"năng suất, hiệu quả",[prə'dʌktiv],reward the highly productive team,
369,toeic1,8,flexible,adj,linh hoạt,['fleksəbl],prefer to have flexible working hours,
370,toeic1,8,loyal,adj,trung thành,['lɔiəl],offer special deals to loyal customers,
371,toeic1,8,fertile,adj,màu mỡ,['fə:tail],plant crops in fertile soil,
372,toeic1,8,vacant,adj,trống,['veikənt],book a vacant hotel room,
373,toeic1,8,hollow,adj,rỗng,['hɔlou],manufacture hollow pipes for plumbing systems,
374,toeic1,9,be subject to,phrase,phải gánh chịu,,Factories are subject to random inspections.,
375,toeic1,9,be similar to,phrase,tương tự như,,The sequel was similar to the original film.,
376,toeic1,9,be pertinent to,phrase,phù hợp với,,The memo is pertinent to sales department staff.,
377,toeic1,9,be unable to,phrase,không thể,,Mr. Quentin was unable to find his briefcase.,
378,toeic1,9,be likely to,phrase,có khả năng,,Ms. Fielding's home is likely to sell fast.,
379,toeic1,9,be popular with,phrase,được ưa chuộng,,The clothing line is popular with young adults.,
380,toeic1,9,be familiar with,phrase,quen thuộc với,,Applicants must be familiar with the word processing software.,
381,toeic1,9,be eligible to,phrase,đủ điều kiện,,Club members are eligible to receive a 25 percent discount on all purchases.,
382,toeic1,9,be intended for,phrase,dành cho,,The game is intended for children between the ages of 8 and 12.,
383,toeic1,9,be dedicated to,phrase,chuyên về,,The factory is dedicated to production of BNT Co. vehicle parts.,
384,toeic1,9,be adequate for,phrase,đủ cho,,Ms. Patraki's skills are adequate for the position.,
385,toeic1,9,be equipped with,phrase,được trang bị,,The laboratory is equipped with a 3D printer.,
386,toeic1,9,be suitable for,phrase,thích hợp cho,,The apartment is suitable for tenants with pets.,
387,toeic1,9,be skilled at,phrase,có kỹ năng,,Ms. Groves is skilled at writing press releases.,
388,toeic1,9,be willing to,phrase,sẵn sàng,,Management is willing to negotiate on salaries.,
389,toeic1,9,be unaware of,phrase,không biết về,,Some customers were unaware of the price increase.,
390,toeic1,9,be bound to,phrase,chắc chắn,,The product is bound to sell well with enough advertising.,
391,toeic1,9,be exempt from,phrase,được miễn giảm,,Non-profit organizations are exempt from paying income tax.,
392,toeic1,10,reliable,adj,đáng tin cậy,[ri'laiəbl],find a reliable form of transportation,
393,toeic1,10,potential,adj,tiềm năng,[pə'tenʃl],interview potential candidates for the job,
394,toeic1,10,efficient,adj,có hiệu quả,[i'fiʃənt],adopt an efficient means of production,
395,toeic1,10,knowledgeable,adj,am hiểu,['nɔlidʒəbl],be knowledgeable about a broad range of topics,
396,toeic1,10,prominent,adj,"nổi bật, xuất chúng",['prɒminənt],invite prominent local business owners,
397,toeic1,10,combustible,adj,dễ cháy,[kəm'bʌstəbl],avoid dangerous combustible chemicals,
398,toeic1,10,appropriate,adj,phù hợp,[ə'prouprieit],wear appropriate office attire,
399,toeic1,10,residential,adj,"thuộc nhà ở, thuộc dân cư","[,rezi'denʃl]",purchase a residential property,
400,toeic1,10,equivalent,adj,tương đương,[i'kwivələnt],select an item of equivalent value,
401,toeic1,10,frequent,adj,thường xuyên,['fri:kwənt],make frequent stops to drop off passengers,
402,toeic1,10,deliberate,adj,"thận trọng, có cân nhắc",[di'libərit],make a deliberate decision,
403,toeic1,10,insistent,adj,khăng khăng,[in'sistənt],remain insistent on getting a refund,
404,toeic1,10,standard,adj,tiêu chuẩn,['stændəd],charge standard rate,
405,toeic1,10,legitimate,adj,hợp pháp,[li'dʒitimət],set up a legitimate business,
406,toeic1,10,commercial,adj,thương mại,[kə'mə:ʃl],lease a commercial space to set up a store,
407,toeic1,10,decisive,adj,"kiên quyết, dứt khoát",[di'saisiv],take decisive action on the matter,
408,toeic1,10,punctual,adj,đúng giờ,['pʌŋktʃuəl],require punctual attendance,
409,toeic1,10,delicate,adj,"tế nhị, tinh vi",['delikət],bring up a delicate subject,
410,toeic1,10,cautious,adj,"thận trọng, cẩn thận",['kɔ:ʃəs],urge drivers to be cautious on icy roads,
411,toeic1,10,unanticipated,adj,"ngoài dự đoán, bất ngờ","[,ʌnæn'tisipeitid]",surprised by the unanticipated test results,
412,toeic1,11,previous,adj,trước,['pri:viəs],own a previous version of the product,
413,toeic1,11,sensitive,adj,nhạy cảm,['sensətiv],restrict access to sensitive information,
414,toeic1,11,substantial,adj,đáng kể,[səb'stænʃəl],require a substantial amount of time to finish the project,
415,toeic1,11,convincing,adj,có sức thuyết phục,[kən'vinsiŋ],need a convincing argument to get funding for the venture,
416,toeic1,11,diligent,adj,siêng năng,['dilidʒənt],praise a diligent employee,
417,toeic1,11,promising,adj,"triển vọng, đầy hứa hẹn",['prɒmisiŋ],receive many promising candidates for the vacant position,
418,toeic1,11,comfortable,adj,thoải mái,['kʌmftəbl],buy a comfortable sofa for the living room,
419,toeic1,11,available,adj,"có sẵn, rảnh",[ə'veiləbl],make available at department stores,
420,toeic1,11,impressive,adj,ấn tượng,[im'presiv],have a lot of impressive features,
421,toeic1,11,direct,adj,trực tiếp,[də'rekt],receive direct orders from a supervisor,
422,toeic1,11,credible,adj,đáng tin,['kredəbl],present credible evidence for the claim,
423,toeic1,11,lengthy,adj,dài,['leŋθi],give a lengthy speech at the opening ceremony,
424,toeic1,11,preferred,adj,được ưa thích hơn,[pri'fɜ:d],select one's preferred meal option,
425,toeic1,11,rigorous,adj,"nghiêm ngặt, khắt khe",['rigərəs],implement rigorous regulations,
426,toeic1,11,mundane,adj,thường (không có gì đặc biệt),['mʌndein],handle mundane affairs,
427,toeic1,11,overpriced,adj,quá đắt,"[,ouvə'praist]",refuse to buy overpriced goods,
428,toeic1,11,conclusive,adj,"kết luận, cuối cùng",[kən'klu:siv],be conclusive proof that the new policy is a success,
429,toeic1,11,imaginary,adj,tưởng tượng,[i'mædʒinəri],provide an imaginary scenario,
430,toeic1,11,recent,adj,gần đây,['ri:snt],discuss the recent policy,
431,toeic1,11,late,adj,"trễ, muộn",[leit],cause a late arrival,
432,toeic1,12,exclusively,adv,độc quyền,[iks'klu:sivli],sell exclusively to overseas clients,
433,toeic1,12,promptly,adv,"nhanh chóng, ngay lập tức",['prɒmptli],respond to all inquiries promptly,
434,toeic1,12,relatively,adv,tương đối,['relətivli],attend a relatively crowded workshop,
435,toeic1,12,periodically,adv,định kỳ,"[,piəri'ɒdikli]",scan computers for viruses periodically,
436,toeic1,12,elsewhere,adv,ở nơi khác,['elsweə],search for assistance elsewhere,
437,toeic1,12,barely,adv,"vừa đủ, hầu như không",['beəli],introduce people who barely know each other,
438,toeic1,12,justly,adv,một cách chính đáng,['dʒʌstli],justly claim credit for the invention,
439,toeic1,12,inseparably,adv,không thể tách rời,[in'sepərəbli],inseparably connected with the consumer's perception,
440,toeic1,12,largely,adv,phần lớn,['lɑ:dʒli],largely consists of sugar and flour,
441,toeic1,12,slightly,adv,"một chút, nhỏ",['slaitli],perform slightly better than last quarter,
442,toeic1,12,virtually,adv,"hầu như, gần như",['və:tʃuəli],vote for a virtually unknown politician,
443,toeic1,12,precisely,adv,một cách chính xác,[pri'saisli],arrive precisely at 9 o'clock,
444,toeic1,12,evenly,adv,"đều, ngang nhau",['i:vənli],divide tasks evenly among staff,
445,toeic1,12,tediously,adv,"chán ngắt, buồn tẻ",['ti:diəsli],speak long and tediously on a subject,
446,toeic1,12,consistently,adv,"nhất quán, trước sau như một",[kən'sistəntli],consistently provide good service,
447,toeic1,12,densely,adv,"đông đúc, dày đặc",['densli],move to a densely populated area,
448,toeic1,12,initially,adv,ban đầu,[i'niʃəli],initially focus on basic staff training,
449,toeic1,12,loosely,adv,không chặt chẽ,['lu:sli],be loosely based on a true event,
450,toeic1,12,generally,adv,thông thường,['dʒenərəli],generally pay high rent in cities,
451,toeic1,12,totally,adv,hoàn toàn,['toutəli],totally redo the assignment,
452,toeic1,13,acknowledge A for B,phrase,ghi nhận A về B,,"In his speech, the CEO acknowledged the sales team for their hard work.",
453,toeic1,13,participate in,phrase,tham gia,,The employees will participate in a team-building exercise.,
454,toeic1,13,depend on,phrase,phụ thuộc vào,,Whether the firm gets the contract depends on its presentation.,
455,toeic1,13,notify A of B,phrase,thông báo cho A về B,,The radio broadcast notified drivers of a road closure.,
456,toeic1,13,recommend A for B,phrase,tiến cử A cho vị trí B,,Ms. Clarice recommended Sanjay Patel for a managerial position.,
457,toeic1,13,provide A with B,phrase,cung cấp,,The museum will provide visitors with headsets for the guided tour.,
458,toeic1,13,preside over,phrase,chủ trì,,Ms. Roberts will preside over the meeting.,
459,toeic1,13,specialize in,phrase,chuyên về,,Ms. Torres specializes in corporate law.,
460,toeic1,13,lead to,phrase,dẫn đến,,The store’s promotion campaign led to increased profits.,
461,toeic1,13,search for,phrase,lục tìm,,Ms. Lucas searched for her keys in her bag.,
462,toeic1,13,associate A with B,phrase,"liên kết, gắn ghép A với B",,People often associate high-paying jobs with success.,
463,toeic1,13,designate A for B,phrase,chỉ định A cho B,,Mr. Owens has already designated the advertising team for the assignment.,
464,toeic1,13,result in,phrase,dẫn đến,,Regular incentives result in higher employee satisfaction.,
465,toeic1,13,come in,phrase,có,,The ice cream bars come in three popular flavors.,
466,toeic1,13,proceed with,phrase,"tiếp tục với, tiến hành",,The council proceeded with the original plan after all.,
467,toeic1,13,prevent A from B,phrase,ngăn chặn/khiến cho A không thể làm B,,Heavy traffic prevented Ms. Kim from arriving on time.,
468,toeic1,13,ask A for B,phrase,yêu cầu,,Ms. Turner asked her boss for a raise.,
469,toeic1,13,substitute A for B,phrase,thay thế A cho B,,The baker substituted honey for sugar.,
470,toeic1,13,commend A for B,phrase,khen ngợi A vì B,,Mayor Brown commended citizens for their efforts.,
471,toeic1,13,split up,phrase,tách ra,,The corporation was split up into smaller companies.,
472,toeic1,14,attention to,phrase,chú ý đến,,The painter’s attention to detail was remarkable.,
473,toeic1,14,compliance with,phrase,tuân thủ,,Compliance with health and safety regulations is necessary for restaurants.,
474,toeic1,14,effect on,phrase,tác dụng lên,,Exercise has great effect on wellbeing.,
475,toeic1,14,shift in,phrase,thay đổi trong,,A shift in the stock market can have a great impact on the economy.,
476,toeic1,14,perspective on,phrase,quan điểm về,,The film reviewer had a unique perspective on the movie’s deeper meaning.,
477,toeic1,14,commitment to,phrase,cam kết với,,Our commitment to customers never weakens.,
478,toeic1,14,transition from A to B,phrase,chuyển từ A sang B,,The transition from university life to the world of work can be difficult.,
479,toeic1,14,a source of,phrase,nguồn,,Real estate rentals are a source of income for investors.,
480,toeic1,14,report for,phrase,bảng báo cáo cho,,The report for the board of directors should be as thorough as possible.,
481,toeic1,14,a portion of,phrase,một phần của,,A portion of the profits will go to charity.,
482,toeic1,14,identification badge,phrase,thẻ nhận dạng,,Employees must wear identification badges at all times.,
483,toeic1,14,intent to,phrase,có ý định,,The prime minister announced his intent to retire from his position.,
484,toeic1,14,admiration for,phrase,sự ngưỡng mộ đối với,,Mr. Jonson expressed admiration for his mentor.,
485,toeic1,14,restrictions on,phrase,hạn chế về,,The city government implemented new restrictions on weekend parking.,
486,toeic1,14,observation on,phrase,quan sát trên,,The writer’s observation on the election was entertaining.,
487,toeic1,14,investment in,phrase,đầu tư vào,,Investment in overseas companies increased 17 percent last year.,
488,toeic1,14,preparation for,phrase,chuẩn bị cho,,Preparations for the book launch are already finished.,
489,toeic1,15,accurately,adv,một cách chính xác,[ækjuritli],predict stock trends accurately,
490,toeic1,15,routinely,adv,"đều đặn, thường xuyên",[ru:'ti:nli],routinely check the e-mail to ensure fast response,
491,toeic1,15,markedly,adv,rõ rệt,['ma:kidli],increase markedly from previous years,
492,toeic1,15,superbly,adv,"tốt, tuyệt vời",[su:'pɜ:b.li],develop a superbly designed product,
493,toeic1,15,closely,adv,"kỹ lưỡng, chặt chẽ",['klousli],analyze the results closely,
494,toeic1,15,intentionally,adv,"cố ý, cố tình",[in'tenʃənəli],drive the car at a slow speed intentionally,
495,toeic1,15,merely,adv,chỉ,['miəli],merely provide a light snack,
496,toeic1,15,acceptably,adv,có thể chấp nhận được,[ək'septəbli],perform acceptably in daily use,
497,toeic1,15,probably,adv,"chắc là, có lẽ",['prɔbəbli],be probably more dangerous than expected,
498,toeic1,15,gradually,adv,"dần dần, từ từ",['grædʒuəli],reduce interest rates gradually,
499,toeic1,15,namely,adv,cụ thể là,['neimli],"hold a meeting on the 2nd floor, namely in Room 206",
500,toeic1,15,primarily,adv,chủ yếu,['praimərəli],upgrade software primarily used by the accounting department,
501,toeic1,15,aboard,adv,"trên tàu, trên máy bay",[ə'bɔ:d],have 120 passengers aboard,
502,toeic1,15,occasionally,adv,thỉnh thoảng,[ə'keiʒnəli],host staff outings occasionally,
503,toeic1,15,completely,adv,hoàn toàn,[kəm'pli:tli],have a completely different opinion,
504,toeic1,15,understandably,adv,một cách dễ hiểu,"[,ʌndə'stændəbli]",feel understandably pleased about a promotion,
505,toeic1,15,apparently,adv,"dường như, hình như",[ə'pærəntli],be apparently more expensive than it looks,
506,toeic1,15,necessarily,adv,"nhất thiết, tất yếu","[,nesə'serəli]",do not necessarily apply to all applicants,
507,toeic1,15,immediately,adv,ngay lập tức,[i'mi:diətli],announce the news immediately,
508,toeic1,15,briefly,adv,ngắn gọn,['bri:fli],explain the issue briefly,
509,toeic1,16,reasonably,adv,"hợp lý, thỏa mãn",[ˈriːzənəbli],buy a reasonably priced car,
510,toeic1,16,gently,adv,nhẹ nhàng,[ˈdʒentli],place the glass bowl gently on the table,
511,toeic1,16,nearly,adv,gần như,[ˈnɪr.li],check a nearly finished assignment,
512,toeic1,16,regularly,adv,thường xuyên,[ˈregjələli],receive medical checkups regularly,
513,toeic1,16,exactly,adv,chính xác,[igˈzækt.li],cost exactly $100 to get the car repaired,
514,toeic1,16,overly,adv,quá mức,[ˈəuvəli],be overly dependent on the survey results,
515,toeic1,16,immeasurably,adv,"không đo đếm được, bao la",[ɪˈmeʒərəbli],be immeasurably better than other products on the market,
516,toeic1,16,successfully,adv,thành công,[səkˈsesfəli],show how successfully the plan worked,
517,toeic1,16,regretfully,adv,đáng tiếc,[rɪˈgretfəli],regretfully announce the closing of the department store,
518,toeic1,16,formerly,adv,"từng là, trước đây",[ˈfɔːrməli],purchase property formerly owned by a corporation,
519,toeic1,16,rapidly,adv,nhanh,[ˈræpɪdli],experience rapidly dropping temperatures,
520,toeic1,16,considerably,adv,đáng kể,[kənˈsɪdərəbli],do considerably better than before,
521,toeic1,16,typically,adv,"tiêu biểu, đặc trưng, chủ yếu, thường",[ˈtɪpɪkəli],typically produce high quality items,
522,toeic1,16,chiefly,adv,chủ yếu,[ˈtʃiːfli],be chiefly used to produce electrical components,
523,toeic1,16,rightfully,adv,"đúng, chính đáng",[ˈraɪtfəli],rightfully demand an apology,
524,toeic1,16,recently,adv,gần đây,[ˈriːsəntli],review a recently opened restaurant,
525,toeic1,16,entirely,adv,hoàn toàn,[ɪnˈtaɪərli],begin an entirely new assignment,
526,toeic1,16,continually,adv,liên tục,[kənˈtɪnjuəli],occur continually throughout the year,
527,toeic1,16,once,adv,một lần,[wʌns],go at least once a month,
528,toeic1,16,first,adv,"đầu tiên, hạng nhất",[fɜːst],finish first in the race,
529,toeic1,17,access,v,truy cập,[ˈækses],access confidential medical records,
530,toeic1,17,ensure,v,bảo đảm,[ɪnˈʃuə],ensure that all the doors are locked,
531,toeic1,17,feature,v,có (đặc điểm),[ˈfiːtʃə],feature several exciting upgrades,
532,toeic1,17,contend,v,cho rằng,[kənˈtend],contend that more staff is required,
533,toeic1,17,determine,v,xác định,[dɪˈtɜːmɪn],determine the cause of the delay,
534,toeic1,17,award,v,"thưởng, tặng",[əˈwɔːd],award compensation for a defective item,
535,toeic1,17,decline,v,"từ chối, giảm",[dɪˈklaɪn],decline an invitation for dinner,
536,toeic1,17,discuss,v,thảo luận,[dɪˈskʌs],meet to discuss hiring plans,
537,toeic1,17,review,v,xem lại,[rɪˈvjuː],review a budget before submission,
538,toeic1,17,serve,v,"phục vụ, phụng sự",[sɜːv],serve the city as the mayor,
539,toeic1,17,obtain,v,"có được, đạt được",[əbˈteɪn],obtain materials from the supplier,
540,toeic1,17,minimize,v,giảm thiểu,[ˈmɪnɪmaɪz],minimize environmental impacts,
541,toeic1,17,merge,v,sáp nhập,[mɜːdʒ],merge the two companies,
542,toeic1,17,duplicate,v,sao lại,[ˈdjuːplɪkɪt],duplicate an important document,
543,toeic1,17,pursue,v,theo đuổi,[pəˈsjuː],vigorously pursue policy changes,
544,toeic1,17,host,v,tổ chức,[həust],host a small gathering for friends,
545,toeic1,17,gather,v,thu thập,[ˈgæðə],use a survey to gather information,
546,toeic1,17,reset,v,đặt lại,[ˌriːˈset],reset a password once a month,
547,toeic1,17,inform,v,thông báo,[ɪnˈfɔːm],inform voters about where to register,
548,toeic1,17,announce,v,thông báo,[əˈnauns],announce plans for a new community center,
549,toeic1,18,renowned,adj,nổi tiếng,[rɪˈnaʊnd],visit a region renowned for its vineyards,
550,toeic1,18,valid,adj,"có hiệu lực, hợp lệ",[ˈvælɪd],show a valid piece of identification,
551,toeic1,18,frustrating,adj,"khó chịu, gây bực dọc",[frʌsˈtreɪtɪŋ],experience a frustrating shipping delay,
552,toeic1,18,sole,adj,"duy nhất, chỉ một",[soul],select a sole winner from the ten finalists,
553,toeic1,18,proficient,adj,"thành thạo, tài giỏi",[prəˈfɪʃnt],become proficient in multiple languages,
554,toeic1,18,lively,adj,"sôi nổi, hăng hái",[ˈlaɪvli],participate in a lively debate,
555,toeic1,18,economic,adj,về kinh tế,[ˌiːkəˈnɒmɪk],discuss the economic impact of a tax cut,
556,toeic1,18,relaxing,adj,thư giãn,[rɪˈlæksɪŋ],enjoy a relaxing day off,
557,toeic1,18,profitable,adj,có lời,[ˈprɒfɪtəbl],operate a profitable franchise,
558,toeic1,18,wasteful,adj,lãng phí,[ˈweɪstfl],eliminate wasteful spending,
559,toeic1,18,alternative,adj,thay thế,[ɔːlˈtɜːnətɪv],take an alternative route,
560,toeic1,18,domestic,adj,"nội địa, trong nước",[dəˈmestɪk],anticipate an increase in domestic demand,
561,toeic1,18,respectful,adj,"tôn trọng, lễ phép",[rɪˈspektfl],be respectful of others' opinions,
562,toeic1,18,sizable,adj,khá lớn,[ˈsaɪzəbl],maintain a sizable lead over competitors,
563,toeic1,18,disappointing,adj,đáng thất vọng,[ˌdɪsəˈpɔɪntɪŋ],report disappointing earnings results,
564,toeic1,18,conventional,adj,thông thường,[kənˈvenʃənl],apply conventional monetary policies,
565,toeic1,18,fair,adj,hợp lý (giá cả),[feə],charge a fair price for the used car,
566,toeic1,18,distinctive,adj,"đặc biệt, dễ phân biệt",[dɪˈstɪŋktɪv],feature a distinctive pattern,
567,toeic1,18,original,adj,"gốc, ban đầu",[əˈrɪdʒənl],be more popular than the original version of the song,
568,toeic1,18,introductory,adj,"giới thiệu, mở đầu",[ˌɪntrəˈdʌktəri],attend an introductory class for computer science,
